,doctorId,name,provider,phoneNumber,country,city,confirmedHours,location,description,spokenLanguages,website,email,hoursOperation,ratings,rating,education,additionalInformation,teleHealth,otherActivities,photoUrl,alternativeMedicine
0,,Bastard Reyes Edgar José,Anesthesia and Recovery,,dr,Punta Cana,False,Hospiten Bavaro,,,https://hospiten.com/en/our-professionals/bastardo-reyes-edgar-jose,,,,,,,,,https://hospiten.com/DesktopModules/Hospiten/Images/default-professional-image.png,
1,,Belén Bautista Nicumedes of Jesus,Cardiology,,dr,Punta Cana,False,Hospiten Bavaro,,,https://hospiten.com/en/our-professionals/belen-bautista-nicumedes-de-jesus,,,,,,,,,https://hospiten.com/Portals/0/Images/Professionals/foto-dr-nicumedes.jpg?ver=Q2OVbRIbXc_skkd8kG2uJQ%3d%3d,
2,,Chireno Colome Julio Angel,Intensive Care Unit (ICU),,dr,Punta Cana,False,Hospiten Bavaro,,,https://hospiten.com/en/our-professionals/chireno-colome-julio-angel,,,,,,,,,https://hospiten.com/Portals/0/Images/Professionals/sin-titulo.jpg?ver=Qe2LWAKoo2GoZ8y4skYwAQ%3d%3d,
3,,Of Rosario Martínez William,Neurosurgery,,dr,Punta Cana,False,Hospiten Bavaro,,,https://hospiten.com/en/our-professionals/del-rosario-martinez-william,,,,,"• Post-degree in Neurosurgery, Venezuelan Institute of Social Insurance IVSS General Hospital East Dr. Domingo Luciani, Ciudad de Caracas, Bolivarian Republic of Venezuela. 2017. or cerebral surgery: Cranial trauma, brain tumors, cerebral vascular pathology, hydrocephalus, cranocerebral malformations, vagal neurostimulation for epilepsy, diagnostic cerebral angiography, etc. o Espinal surgery: cervical, dorsal and lumbar instrumentation, cervical and lumbar stenosis, discal hernias and raquid and foraminal stenosis, spinal tumors, spinal disprashism, raquitular trauma, etc. • Post-degree in General Surgery and Laparoscopy, University Regional Hospital José María Cabral and Báez, Pontificia Universidad Catholic Mother and Master. Santiago de los Caballeros, Dominican Republic. 2008 -2011. • Advanced Diploma in Interventionist Pain Therapy, Latin American Pain Institute and Palliatives / Autonomous University of Nuevo León, Monte Rey, Mexico. 2020 to the present (culmination 2021). • Training in minimally invasive spinal surgery Aospine, Depuy Sytes, Spine and Combénsive Center, Florida, USA. 2020. • Training in complex cranial surgery, Depuy Sytes Intitute / Cornell University, Miami, Florida, USA. 2019 • International Workshop of Advanced Interventionism for Chronic Pain Management. Autonomous University of Nuevo Leon, Monterrey, Mexico. / Latin American Pain and Palliative Institute. 2019. • Training in interventional pain management. International training center in interventional pain. / University of Panama 2020. • Theoretical and practical training in chronic pain interventional management, CENIT Foundation for the study of neurosciences, Latin American Federation of Pain Interventionist Physicians and University of Panama, Panama City, November 2017. • Medical Training Criticism, Chi Mei Medical Center, Tainán City, Taiwan, Republic of China. SEP-Dec 2007. • Rotation / training in oncological medicine, Liuh-Ying Cancer Center, Tainán City, Taiwan Republic of China. Nov. 2007. • ADVANCE CARTIAC LIFE SUPPORT (ACLS) by Universitary Hospital of Massachusetts, SPM, 2006. • Emergency Medicine / Trauma Course by New-York Presbyterian Hospital / University of Columbia USA / Pontificia University Catholic Mother and Master, Santiago de los Knights, Rep. Dom. 2008. • Graduate of Doctor in Medicine Magna-Cum-Laude, Central University of East (UCE), City of San Pedro de Macorís, Rep. Dom. 2006.",,,,https://hospiten.com/Portals/0/Images/Professionals/dr-del-rosario-martinez-william.jpg?ver=ZNoob2cCMmX3gIbtV_4d6A%3d%3d,
4,,Féliz Abreu Sheila Mabel,Dermatology and Venereology,,dr,Punta Cana,False,Hospiten Bavaro,,,https://hospiten.com/en/our-professionals/feliz-abreu-sheila-mabel,,,,,,,,,https://hospiten.com/Portals/0/Images/Professionals/mil_8237.jpg?ver=kwi7R2sKjSAHU45uBoRJ9Q%3d%3d,
5,,Féliz Abreu Edward Alejandro,Gynecology and Obstetrics,,dr,Punta Cana,False,Hospiten Bavaro,,,https://hospiten.com/en/our-professionals/feliz-abreu-edward-alejandro,,,,,,,,,https://hospiten.com/Portals/0/Images/Professionals/img-4.jpg?ver=hbEqTYDmGtJ1OR5iBqKwjA%3d%3d,
6,,Fernández Acuña Lázaro.,Orthopedic Surgery and Trauma,,dr,Punta Cana,False,Hospiten Bavaro,,,https://hospiten.com/en/our-professionals/fernandez-acuna-lazaro,,,,,,,,,https://hospiten.com/Portals/0/Images/Professionals/lazaro.jpg?ver=W5Q-aOuxz3Vfi9amNKqJRQ%3d%3d,
7,,Fernández Zapata Yanira Esther,Ophthalmology,,dr,Punta Cana,False,Hospiten Bavaro,,,https://hospiten.com/en/our-professionals/fernandez-zapata-yanira-esther,,,,,,,,,https://hospiten.com/Portals/0/Images/Professionals/img-9.jpg?ver=iQHnej9pOLbP-q3RWUwCvw%3d%3d,
8,,Hernández Clarissa.,Otorhynolaryngology (ENT),,dr,Punta Cana,False,Hospiten Bavaro,,,https://hospiten.com/en/our-professionals/hernandez-clarissa,,,,,,,,,https://hospiten.com/DesktopModules/Hospiten/Images/default-professional-image.png,
9,,Hernández Cipriano Nora.,General and Gastrointestinal Tract Surgery,,dr,Punta Cana,False,Hospiten Bavaro,,,https://hospiten.com/en/our-professionals/hernandez-cipriano-nora,,,,,,,,,https://hospiten.com/DesktopModules/Hospiten/Images/default-professional-image.png,
10,,Mercedes Sánchez Alba F.,Urology,,dr,Punta Cana,False,Hospiten Bavaro,,,https://hospiten.com/en/our-professionals/mercedes-sanchez-alba-f,,,,,,,,,https://hospiten.com/DesktopModules/Hospiten/Images/default-professional-image.png,
11,,MOTA SANTANA YURIANA YAMINE,General and Gastrointestinal Tract Surgery,,dr,Punta Cana,False,Hospiten Bavaro,,,https://hospiten.com/en/our-professionals/mota-santana-yuriana-yamine,,,,,,,,,https://hospiten.com/DesktopModules/Hospiten/Images/default-professional-image.png,
12,,Nisbett Faulkner José Andrés,Anesthesia and Recovery,,dr,Punta Cana,False,Hospiten Bavaro,,,https://hospiten.com/en/our-professionals/nisbett-faulkner-jose-andres,,,,,,,,,https://hospiten.com/DesktopModules/Hospiten/Images/default-professional-image.png,
13,,Payan Hernández Oswaldo.,Image Diagnostics,,dr,Punta Cana,False,Hospiten Bavaro,,,https://hospiten.com/en/our-professionals/payan-hernandez-oswaldo,,,,,,,,,https://hospiten.com/DesktopModules/Hospiten/Images/default-professional-image.png,
14,,Ramírez Galvá Celina.,Pediatrics,,dr,Punta Cana,False,Hospiten Bavaro,,,https://hospiten.com/en/our-professionals/ramirez-galva-celina,,,,,,,,,https://hospiten.com/DesktopModules/Hospiten/Images/default-professional-image.png,
15,,Restitute Vélez Aracelys.,Pediatrics,,dr,Punta Cana,False,Hospiten Bavaro,,,https://hospiten.com/en/our-professionals/restituyo-velez-aracelys,,,,,,,,,https://hospiten.com/DesktopModules/Hospiten/Images/default-professional-image.png,
16,,Rodríguez Rodríguez Yokasta,Internal Medicine,,dr,Punta Cana,False,Hospiten Bavaro,,,https://hospiten.com/en/our-professionals/rodriguez-rodriguez-yokasta,,,,,,,,,https://hospiten.com/DesktopModules/Hospiten/Images/default-professional-image.png,
17,,Santana Rosa Kirsy Elizabeth,Gastroenterology,,dr,Punta Cana,False,Hospiten Bavaro,,,https://hospiten.com/en/our-professionals/santana-rosa-kirsy-elizabeth,,,,,,,,,https://hospiten.com/Portals/0/Images/Professionals/img-13.jpg?ver=LkzaoVkhhCarE3JHV4-v7A%3d%3d,
18,,Serum Moquete Aimee Cecilia,Gynecology and Obstetrics,,dr,Punta Cana,False,Hospiten Bavaro,,,https://hospiten.com/en/our-professionals/suero-moquete-aimee-cecilia,,,,,,,,,https://hospiten.com/Portals/0/Images/Professionals/img-11.jpg?ver=XRsQRBYduU1EzRpQUnyfHg%3d%3d,
19,,Tejeda Paniagua Julissa Pamela,Dietetics and Nutrition,,dr,Punta Cana,False,Hospiten Bavaro,,,https://hospiten.com/en/our-professionals/tejeda-paniagua-julissa-pamela,,,,,,,,,https://hospiten.com/DesktopModules/Hospiten/Images/default-professional-image.png,
20,,Ubie Rodríguez Sagrario,Pediatrics,,dr,Punta Cana,False,Hospiten Bavaro,,,https://hospiten.com/en/our-professionals/ubiera-rodriguez-sagrario,,,,,,,,,https://hospiten.com/DesktopModules/Hospiten/Images/default-professional-image.png,
21,,Zapata Idalia.,Orthopedic Surgery and Trauma,,dr,Punta Cana,False,Hospiten Bavaro,,,https://hospiten.com/en/our-professionals/zapata-idalia,,,,,,,,,https://hospiten.com/Portals/0/Images/Professionals/zapata.jpg?ver=UCCZVWW_9TRQnhAUKQ18DA%3d%3d,
0,,Coronado Díaz Carolina.,Infectology,,dr,Santo Domingo,False,Hospiten holy sunday,,,https://hospiten.com/en/our-professionals/coronado-diaz-carolina,,,,,,,,,https://hospiten.com/Portals/0/Images/Professionals/carolina.jpg?ver=BSK4pfsxvtalqAGURa2IVQ%3d%3d,
1,,Jiménez Rigoberto.,Nephrology,,dr,Santo Domingo,False,Hospiten holy sunday,,,https://hospiten.com/en/our-professionals/jimenez-rigoberto,,,,,"Medical Doctor University UASD Internal Medicine Hospital Salvador B. Gautiernefrology Hospital Salvador B. GautierRotio in Transplant, HTA, Dialysis Hospital Hospital of the Sea Glomerulopathy, Ira Barcelona, ​​Spain Master in Modern Management Catholic University of Santo DomingoTraining PD University",Dominican Medical College (cmd) Dominican Society of Nephrology (Sodonef) Latin American Society of Nephrology and Hypertension (SLANH),,,https://hospiten.com/Portals/0/Images/Professionals/rigoberto.jpg?ver=UP2BylXkOqOTvyuUl-ZgIQ%3d%3d,
2,,JOA MEI-LIN,Urology,,dr,Santo Domingo,False,Hospiten holy sunday,,,https://hospiten.com/en/our-professionals/joa-mei-lin,,,,,,,,,https://hospiten.com/Portals/0/Images/Professionals/dra-joa-mei-lin.jpg?ver=gFc6_WppF4Iqh550HS75pA%3d%3d,
3,,Abraham Rosa María.,Gastroenterology,,dr,Santo Domingo,False,Hospiten holy sunday,,,https://hospiten.com/en/our-professionals/abraham-rosa-maria,,,,,"Doctor in Medicine 1981-1989. Unophu Master's Degree in Human Sexuality 1992-1993. UASD Advanced English 1991-1992. Unibe Residence Internal Medicine 1996-1998 Central FF Hospital. AA. And p.n. Gastroenterology residence 1998-2000 IDSS, hosp. ""Dr. Salvador B. Gautier ""Rotation: University Hospital of Puerto Rico. 2000.",Member of the Dominican Medical Association,,,https://hospiten.com/Portals/0/Images/Professionals/rosa-maria.jpg?ver=0UFa0xecycrK7DhTPB7kcA%3d%3d,
4,,Abraham Petero.,Pediatrics,,dr,Santo Domingo,False,Hospiten holy sunday,,,https://hospiten.com/en/our-professionals/abraham-pedro,,,,,"Neonatologist-intensivist. Maternal Hospital Ramón Sarda. Buenos Aires, Argentina. Pediatrics. Children's Hospital of Children Pedro de Elizalde. Buenos Aires, Argentina, 1989-1992. General Medicine Central University of Este- Uce-St. Peter of Macoris, RD, 1988. Primary and Secondary Students School San Pedro Apóstol. San Pedro de Macoris, Rd, 1981.",,,,https://hospiten.com/Portals/0/Images/Professionals/abra.jpg?ver=DKSVFaD-yKBDZXDaLcFaUg%3d%3d,
5,,Acosta Yancy,Otorhynolaryngology (ENT),,dr,Santo Domingo,False,Hospiten holy sunday,,,https://hospiten.com/en/our-professionals/acosta-yancy,,,,,,,,,https://hospiten.com/DesktopModules/Hospiten/Images/default-professional-image.png,
6,,Agramonte Pinales Samuel.,Orthopedic Surgery and Trauma,,dr,Santo Domingo,False,Hospiten holy sunday,,,https://hospiten.com/en/our-professionals/agramonte-pinales-samuel,,,,,,,,,https://hospiten.com/DesktopModules/Hospiten/Images/default-professional-image.png,
7,,Alcántara Mars Milagros,Internal Medicine,,dr,Santo Domingo,False,Hospiten holy sunday,,,https://hospiten.com/en/our-professionals/alcantara-marte-milagros,,,,,,,,,https://hospiten.com/DesktopModules/Hospiten/Images/default-professional-image.png,
8,,Cheerful urban,Internal Medicine,,dr,Santo Domingo,False,Hospiten holy sunday,,,https://hospiten.com/en/our-professionals/alegre-urbana,,,,,,,,,https://hospiten.com/Portals/0/Images/Professionals/alegre.jpg?ver=3LGzgsLtlDrAvRL5_mcczQ%3d%3d,
9,,Álvarez Villilo Ramón,Neurosurgery,,dr,Santo Domingo,False,Hospiten holy sunday,,,https://hospiten.com/en/our-professionals/alvarez-villilo-ramon,,,,,"January 13, 2020-Dec. 11,2020 Fellowship Anatomy Microsurgíca Institute of Neurological Ciências (ICNE) Laboratório Prof. Dr. Evandro de Oliveira São Paulo, Brazilian 13, 2020-Dec 11,2020 Fellow Cerebrovascular Surgery and Skull Base Institute of Ciências Neurological (ICNE) Hospital Portuguese Beneficiance São Paulo, Brazil2015-2019 Specialist in Neurosurgery Neurology and Neurosurgery Prof. Dr. Rafael Estrada González La Habana, Cuba2016-2019 Ozonotherapy Intradiscal Neurology and Neurosurgery Prof. Dr. Rafael Estrada González La Habana, Cuba2018 Vascular and nervous microsurgery ( Censex) Victoria University of Girón La Habana, Cuba2001-2010 Doctor of Medicine Central University East (UCE) San Pedro de Macorís, RD",Octubre 2020 American Association of Neurological SurgeonsSeptiembre 2020 Society for Neuro Oncology Latin AmericaSeptiembre 2020 Member of the Academy Brazilian of Neurosurgery Septiembre 2020 Member of the Brazilian League of Epilepsy Agosto 2020 Resident Member American College of Surgeons,,,https://hospiten.com/DesktopModules/Hospiten/Images/default-professional-image.png,
10,,Jose,Orthopedic Surgery and Trauma,,dr,Santo Domingo,False,Hospiten holy sunday,,,https://hospiten.com/en/our-professionals/aponte-jose,,,,,"Workshop on Articular Replacement Latin Italy, 1998post Degree in Orthopedics and Traumatology Autonomous University of Santo Domingo (UASD) Hospital Teaching DR. Dario Contreras July 1990-June 1994DR. In Medicine Autonomous University of Santo Domingo (UASD) 1981 - 1987",,,,https://hospiten.com/Portals/0/Images/Professionals/jose.jpg?ver=tG5ydKfN-CrgPnEniVaZtw%3d%3d,
11,,Arias Montilla Mirna.,Orthopedic Surgery and Trauma,,dr,Santo Domingo,False,Hospiten holy sunday,,,https://hospiten.com/en/our-professionals/arias-montilla-mirna,,,,,,,,,https://hospiten.com/DesktopModules/Hospiten/Images/default-professional-image.png,
12,,Batista Lemaire Silvia,General and Gastrointestinal Tract Surgery,,dr,Santo Domingo,False,Hospiten holy sunday,,,https://hospiten.com/en/our-professionals/batista-lemaire-silvia,,,,,,,,,https://hospiten.com/DesktopModules/Hospiten/Images/default-professional-image.png,
13,,Baptist Guerrero Melvin.,Sonography,,dr,Santo Domingo,False,Hospiten holy sunday,,,https://hospiten.com/en/our-professionals/bautista-guerrero-melvin,,,,,"Doctor of Medicine Autonomous University of Santo Domingo Santo Domingo, Rep. Dom. 2001-2007 Medico Imageno Medical Friendship Medical Japanese Friendship. (Camadoja), Universidad Nacional Pedro Henríquez Ureña (Unphphu) Santo Domingo, Rep. Dom. 2009-2013.",,,,https://hospiten.com/Portals/0/Images/Professionals/mel.jpg?ver=3-4IF52CS_NveeSx8717Pg%3d%3d,
14,,Bobadilla Reyci.,Orthopedic Surgery and Trauma,,dr,Santo Domingo,False,Hospiten holy sunday,,,https://hospiten.com/en/our-professionals/bobadilla-reyci,,,,,,,,,https://hospiten.com/Portals/0/Images/Professionals/bobadilla.jpg?ver=u_-krLxTUgdokK8HqCXeQg%3d%3d,
15,,Cabrera Milena,Pediatrics,,dr,Santo Domingo,False,Hospiten holy sunday,,,https://hospiten.com/en/our-professionals/cabrera-milena,,,,,"Doctor of Medicine, Autonomous University of Santo Domingo School of Medicine 1976. Sto. DGO. Specialty in Pediatrics Autonomous University of Santo Domingo, Hospital Dr. Robert Reid Cabral, Santo Domingo, R. D. Subespecials: Gastroenterology and Nutrition, Children's Hospital of Mexico, Mexico, D. F. 1979-1980. Pediatric endoscopy and laboratory techniques on pediatric gastroenterology, sanitary city, peace, madrid, Spain. 1988 Diagnosis, Treatment in Pediatric Gastroenterology at the Hospital ""Oita"", Oita, Medical University, Oita-Japan, Sept. 1993 March 1994MaStry in Higher Education, Autonomous University of Santo Domingo, R.D. 2008 - 2010.","Member of the Office of Active Tesis Advisory Active of the Small Cloister UASD Dominican Medical Association. Dominican Society of Pediatrics. Dominican Society of Gastroenterology. Sto. DGO., REP. DOM. Dominican Association of Pediatric Research. Member of Latin American Association of Pediatrics. (Alape). Member of the Teaching Council of the Hospital Dr. Robert Reica Cabral. Medical Association of the Children's Hospital of Mexico. Mexico. D.F. American Academy of Pediatrics, United States of America. Association of pediatricians graduated from the Children's Hospital Dr. Robert Reid Cabral, STO. DGO. Rep. Dom. Dominican Society of Food and Nutrition. Sto. DGO. Rep. DOM. Member of Anmepro (Association of Businesswomen and Professional), STO. DGO. , Rep. Dom. Member of Association of Businesswomen (ADME), Directive Chapter Health, STO. DGO. Rep. Dom. Member Member Legal reform against discrimination against women. Founding member of the Gastroenterology Chapter Pediatric Dominican Society of Gastroenterology, March 1996. Director of the Pediatric Gastroenterology Chapter. 1998-999.",,,https://hospiten.com/DesktopModules/Hospiten/Images/default-professional-image.png,
16,,Cabrera Ginny,Ophthalmology,,dr,Santo Domingo,False,Hospiten holy sunday,,,https://hospiten.com/en/our-professionals/cabrera-ginny,,,,,,,,,https://hospiten.com/DesktopModules/Hospiten/Images/default-professional-image.png,
17,,Camilo de Bidó Angiolina,Pediatrics,,dr,Santo Domingo,False,Hospiten holy sunday,,,https://hospiten.com/en/our-professionals/camilo-de-bido-angiolina,,,,,,,,,https://hospiten.com/DesktopModules/Hospiten/Images/default-professional-image.png,
18,,Married Sandy.,Cardiology,,dr,Santo Domingo,False,Hospiten holy sunday,,,https://hospiten.com/en/our-professionals/casado-sandy,,,,,,,,,https://hospiten.com/Portals/0/Images/Professionals/sandy.jpg?ver=S7uoFyr6yPfP0_lnmRm2gA%3d%3d,
19,,Castro Natalia,Anesthesia and Recovery,,dr,Santo Domingo,False,Hospiten holy sunday,,,https://hospiten.com/en/our-professionals/castro-natalia,,,,,,,,,https://hospiten.com/Portals/0/Images/Professionals/natalia.jpg?ver=ID-qKWlmeicUgLu4T6CAdA%3d%3d,
20,,Cedano Núñez Mariella.,Pediatrics,,dr,Santo Domingo,False,Hospiten holy sunday,,,https://hospiten.com/en/our-professionals/cedano-nunez-mariella,,,,,,,,,https://hospiten.com/Portals/0/Images/Professionals/mariella.jpg?ver=lmLKiH836kjF_ZYdamFg9g%3d%3d,
21,,Full lissette,Otorhynolaryngology (ENT),,dr,Santo Domingo,False,Hospiten holy sunday,,,https://hospiten.com/en/our-professionals/cheas-lissette,,,,,,,,,https://hospiten.com/DesktopModules/Hospiten/Images/default-professional-image.png,
22,,Lamb Leandra.,Pediatrics,,dr,Santo Domingo,False,Hospiten holy sunday,,,https://hospiten.com/en/our-professionals/cordero-leandra,,,,,,,,,https://hospiten.com/Portals/0/Images/Professionals/leandra.jpg?ver=MhHSMbBLRiiZSuqKf3GeCw%3d%3d,
23,,Cornelio Cruzeta Minerva Altagracia,Hematology and Hemotherapy,,dr,Santo Domingo,False,Hospiten holy sunday,,,https://hospiten.com/en/our-professionals/cornelio-cruzeta-minerva-altagracia,,,,,"1992-1999 Autonomous University of Santo Domingo (UASD) Doctor in Medicine ""Cum Laude"" .1997 Autonomous University of Santo Domingo (UASD) / 2008 Natural Learning Corporation (NLC) / 2008 Secretariat of Higher Education, Science and Technology (SEESCYT) ENGLISH By immersion. ENGLISH COURSES2002 COMPUTER AFFORTIC SCHOOL SCHOOLS2000-2003 Salvador Hospital B. Gautier Idsscargo: Resident Medical Resident Medicine 2002-2003 2003-2005 Hospital Salvador B. Gautier Idsscargo: Medical Hematology Resident of Residents 2003-2005enero-April 2005 Training in The University Hospital of Adults at the Medical Center of Río Stone, Puerto Rico (PR) (Department of Oncohematology).","Dominican Medical College (cmd) Dominican Society of Hematology and Oncology (Sodohemo) Society Dominican Hematology (Sodohem) International Society of Hematology, Interamerican Division (ISH)",,,https://hospiten.com/DesktopModules/Hospiten/Images/default-professional-image.png,
24,,Coronado Carolina.,Infectology,,dr,Santo Domingo,False,Hospiten holy sunday,,,https://hospiten.com/en/our-professionals/coronado-carolina,,,,,,,,,https://hospiten.com/DesktopModules/Hospiten/Images/default-professional-image.png,
25,,Cueto Carmona Daniel.,Clinical Psychology,,dr,Santo Domingo,False,Hospiten holy sunday,,,https://hospiten.com/en/our-professionals/cueto-carmona-daniel,,,,,,,,,https://hospiten.com/Portals/0/Images/Professionals/dr-cueto-carmona-daniel.jpg?ver=7PFcTYoGKgz8tdPXqKFDpw%3d%3d,
26,,Luciano Cuevas Diogenes Tomás,Interventional Cardiology,,dr,Santo Domingo,False,Hospiten holy sunday,,,https://hospiten.com/en/our-professionals/cuevas-luciano-diogenes-tomas,,,,,,,,,https://hospiten.com/DesktopModules/Hospiten/Images/default-professional-image.png,
27,,Of the cross Iris Janet,Anesthesia and Recovery,,dr,Santo Domingo,False,Hospiten holy sunday,,,https://hospiten.com/en/our-professionals/de-la-cruz-iris-janet,,,,,,,,,https://hospiten.com/DesktopModules/Hospiten/Images/default-professional-image.png,
28,,Of the rose luisa,Cardiology,,dr,Santo Domingo,False,Hospiten holy sunday,,,https://hospiten.com/en/our-professionals/de-la-rosa-luisa,,,,,,,,,https://hospiten.com/Portals/0/Images/Professionals/luisa.jpg?ver=H-nN6JdhqwdDY5Z_oW1szA%3d%3d,
29,,Of Lion Valenzuela Andy,Orthopedic Surgery and Trauma,,dr,Santo Domingo,False,Hospiten holy sunday,,,https://hospiten.com/en/our-professionals/de-leon-valenzuela-andy,,,,,"Arthroscopy and Sports Medicine Latin American Training Center at Minimally Invasive Surgery (CLEMI) Post-Degree Internship in Children's Orthopedic Hospital Caracas, Venezuela (2007) Post-Degree in Orthopedics and Traumatology Central University of the Holy Armed Forces Hospital Sunday, Dominican Republic: (2004-2008) Doctor in Medicine (Exequatur: 511-03) Autonomous University of Santo Domingo Santo Domingo, Dominican Republic (1995-2001)","Member Holder Medical College Dominican (cmd) Santo Domingo, Dominican Republic, 2001 Member Tenates Dominican Society of Orthopedic and Traumatology, Inc. (SDOT) Santo Domingo, Dominican Republic, 2008 Member Dominican Society of Artroscopy Santo Domingo, Dominican Republic, 2012 Member International Affiliate Society of Orthopedics and Traumatology (Sicot) American Affiliate Member American Academy of Orthopaedic Surgeons (AAOS) Since 2008. International Affiliate Member Latin American Society of Knee Arthroscopy and Sports Traumatology (Slard), 2008. ARTARA INTERNATIONAL ARTIVAL ARTIVA, 2008. Member Title International Society of Arthroscopy, Knee Surgery and Orthopaedic Sports Medicine (Isakos), 2013 International Member Society International of Artroscopy (AEA), 2011. Member Instructor Red Cross Dominican since 1993.",,,https://hospiten.com/Portals/0/Images/Professionals/andy.jpg?ver=8pBXFyDA9Fs%3d,
30,,Of Peña Gabriel.,Gynecology and Obstetrics,,dr,Santo Domingo,False,Hospiten holy sunday,,,https://hospiten.com/en/our-professionals/de-pena-gabriel,,,,,Specialization in Plastic and Reconstructive Surgery of Vulva and Vagina. (Maryland and Delaware USA) Specialization in Rejuvenation and Personalized Design Surgical Lasertéccés developed by Professor Dr. David Matlock Founder and Director of the Laser Institute of Vaginal Rejuvenation.,Secretario General de la Socieddad de Cosmetoginecologia del CaribeMiembro de :American Academy Of Cosmetic SurgeryAcademy Of Liposuction SurgeryInternational Society Of Cosmeto GynecologyInternational Academy of Laser Medicine and Surgery American Society of Laser Medicine,,,https://hospiten.com/Portals/0/Images/Professionals/gabriel_de_pena_004.jpg?ver=agwzoZlH_-LhMwBJtjRF7g%3d%3d,
31,,Diplan Rubio Johanna,Otorhynolaryngology (ENT),,dr,Santo Domingo,False,Hospiten holy sunday,,,https://hospiten.com/en/our-professionals/diplan-rubio-johanna,,,,,,,,,https://hospiten.com/Portals/0/Images/Professionals/dra-diplan-rubio-johanna.png?ver=pSfchzzKWKlp4b9dtKBDOA%3d%3d,
32,,Oleo kranwinkel patricia,Image Diagnostics,,dr,Santo Domingo,False,Hospiten holy sunday,,,https://hospiten.com/en/our-professionals/doleo-kranwinkel-patricia,,,,,,,,,https://hospiten.com/Portals/0/Images/Professionals/patr.jpg?ver=Cey8HjAwN1ZfCaTfk-2Mrw%3d%3d,
33,,Domíguez Cabral José Ramón,General and Gastrointestinal Tract Surgery,,dr,Santo Domingo,False,Hospiten holy sunday,,,https://hospiten.com/en/our-professionals/domiguez-cabral-jose-ramon,,,,,,,,,https://hospiten.com/Portals/0/Images/Professionals/jose-ramon.jpg?ver=EIiwGW1yyMxbjBqtDtTVYw%3d%3d,
34,,DURAN YESENIA.,Clinical Psychology,,dr,Santo Domingo,False,Hospiten holy sunday,,,https://hospiten.com/en/our-professionals/duran-yesenia,,,,,,,,,https://hospiten.com/Portals/0/Images/Professionals/dra-duran-yesenia.jpg?ver=MgCtSwDmed9o2fE7t6Vagg%3d%3d,
35,,Ely Henry,Ophthalmology,,dr,Santo Domingo,False,Hospiten holy sunday,,,https://hospiten.com/en/our-professionals/ely-henry,,,,,"NTENDATION IN PREVIOUS SEGMENT SURGERY, HORTH, CATALATE AND GLAUCOMA, INDEN 1995ROYAL HOSPITAL OF LONDON, REYNO UNITED. 1996Training in Pathologies of anterior and subsequent segment with subspecialty in diabietly and hypertensive retinoplasting and laser surgery, Inden 1994Entrement of ophthalmolgy and training in eye images and refractive diseases. Inden 1993Doctor in Medicine, Universidad Pedro Henríquez Ureñasto. DGO. Rep. Dom.","National Council of Bioètica, Santo Domingo, Rep. Dominican National Prevention of AIDS, Santo Domingo. Rep. DominicanCompanic dience of OphthalmologySociation Dominicanos Pan American OphthalmologyAmerican OphthalmologiesCoupling DiabeticsCreaty Diabetics Pan American Surgeons Ophthalmologists Plus Surgery of Refractive Surgery and Falls",,,https://hospiten.com/Portals/0/Images/Professionals/eli.jpg?ver=GSpozKu60zVP3WSXV_SE1g%3d%3d,
36,,Encarnación Indhira,Sonography,,dr,Santo Domingo,False,Hospiten holy sunday,,,https://hospiten.com/en/our-professionals/encarnacion-indhira,,,,,,,,,https://hospiten.com/DesktopModules/Hospiten/Images/default-professional-image.png,
37,,Encarnación Matthew Ricardo.,Urology,,dr,Santo Domingo,False,Hospiten holy sunday,,,https://hospiten.com/en/our-professionals/encarnacion-mateo-ricardo,,,,,"Training in AndrologíaFundation Puigvert 2001 Formation in Pathology LitiaSicaEnsit Society and Hospital of BellVitgeMeckShop in Endo-Urology In the health and university city of Bellvitgeespecialist in Urology for 5 years in the Sanitary City of the Vall d'Hebron, University Hospital attached to the University Autonomous of Barcelona (Spain) 1996-2001Doctor in STO autonomous university medicine. DGO. Title approved in Spain as a Bachelor of Medicine and Surgery",Spanish Association of Urología Catalan Catalan UrologyCatalan Ciencies Medicales,,,https://hospiten.com/DesktopModules/Hospiten/Images/default-professional-image.png,
38,,Espinosa Juan Manuel.,Pediatric Surgery,,dr,Santo Domingo,False,Hospiten holy sunday,,,https://hospiten.com/en/our-professionals/espinosa-juan-manuel,,,,,,,,,https://hospiten.com/DesktopModules/Hospiten/Images/default-professional-image.png,
39,,Estévez Hector,Orthopedic Surgery and Trauma,,dr,Santo Domingo,False,Hospiten holy sunday,,,https://hospiten.com/en/our-professionals/estevez-hector,,,,,,,,,https://hospiten.com/DesktopModules/Hospiten/Images/default-professional-image.png,
40,,Star Portorreal Evelyn Altagracia,Anesthesia and Recovery,,dr,Santo Domingo,False,Hospiten holy sunday,,,https://hospiten.com/en/our-professionals/estrella-portorreal-evelyn-altagracia,,,,,,,,,https://hospiten.com/Portals/0/Images/Professionals/eve.jpg?ver=D5rEbH5zUf2NKi7S3XZUqw%3d%3d,
41,,Feliz Camilo Alexandra.,Otorhynolaryngology (ENT),,dr,Santo Domingo,False,Hospiten holy sunday,,,https://hospiten.com/en/our-professionals/feliz-camilo-alexandra,,,,,Otolaryngologist Graduated from the Savior Hospital B. Gautier Idsspasantía de Postgraduate. Salvador B. Gautier Hospital. IDSS 1997-2001DO Magna Cum Laude Medicine. Graduate of the Technological Institute of Santo Domingo (Intec),Medical Association DominicanAaussociation Medical IdssScience Dominican of Otorhinolaryngology (Secretary of Minutes of the current Directive) Dominican Society of Larightful Patients,,,https://hospiten.com/DesktopModules/Hospiten/Images/default-professional-image.png,
42,,Feliz Corproán Rosmery,Gynecology and Obstetrics,,dr,Santo Domingo,False,Hospiten holy sunday,,,https://hospiten.com/en/our-professionals/feliz-corporan-rosmery,,,,,,,,,https://hospiten.com/Portals/0/Images/Professionals/felix.jpg?ver=x8EhR8H_NO4VgBN7fkEBOw%3d%3d,
43,,Fernández María Cristina.,General and Gastrointestinal Tract Surgery,,dr,Santo Domingo,False,Hospiten holy sunday,,,https://hospiten.com/en/our-professionals/fernandez-maria-cristina,,,,,"Epidemiology Course for Proctologists 2010 Assisted Colon by Laparoscopy, Cedimat 2007 Prolapsada Hemorrhoids, CEDIMAT 2007 Surrounding Hospital Salvador Cook Country 2000-2004 Colo-Straight Cook Country Chicago University, Illinois 2005Colo-rectal Hospital Salvador BAUTIER 2004-2006PASANTIA Sub-center Juan Barón, Rep. Dominican 1998-99Doctor in medicine. Autonomous University of Santo Domingo. Dominican Republic 1991-1997",Dominican Medical College,,,https://hospiten.com/DesktopModules/Hospiten/Images/default-professional-image.png,
44,,Fernández Marlin.,Urology,,dr,Santo Domingo,False,Hospiten holy sunday,,,https://hospiten.com/en/our-professionals/fernandez-marlin,,,,,,,,,https://hospiten.com/DesktopModules/Hospiten/Images/default-professional-image.png,
45,,Figuereo Paredes Luis Roberto,Anesthesia and Recovery,,dr,Santo Domingo,False,Hospiten holy sunday,,,https://hospiten.com/en/our-professionals/figuereo-paredes-luis-roberto,,,,,,,,,https://hospiten.com/Portals/0/Images/Professionals/luis-figuereo.jpg?ver=3lfA8JMkzpGVh3xNowaitg%3d%3d,
46,,Gerdo Igrid,Ophthalmology,,dr,Santo Domingo,False,Hospiten holy sunday,,,https://hospiten.com/en/our-professionals/gerdo-ingrid,,,,,,,,,https://hospiten.com/DesktopModules/Hospiten/Images/default-professional-image.png,
47,,Gil Héctor Renie,Pediatrics,,dr,Santo Domingo,False,Hospiten holy sunday,,,https://hospiten.com/en/our-professionals/gil-hector-rene,,,,,,,,,https://hospiten.com/DesktopModules/Hospiten/Images/default-professional-image.png,
48,,Gladys Polanco.,"Plastic, Reconstructive and Esthetic Surgery",,dr,Santo Domingo,False,Hospiten holy sunday,,,https://hospiten.com/en/our-professionals/gladys-polanco,,,,,,,,,https://hospiten.com/DesktopModules/Hospiten/Images/default-professional-image.png,
49,,Gómez Arévalo Yamyle.,Hematology and Hemotherapy,,dr,Santo Domingo,False,Hospiten holy sunday,,,https://hospiten.com/en/our-professionals/gomez-arevalo-yamyle,,,,,,,,,https://hospiten.com/DesktopModules/Hospiten/Images/default-professional-image.png,
50,,Gómez Gaton Federico Antonio,Ophthalmology,,dr,Santo Domingo,False,Hospiten holy sunday,,,https://hospiten.com/en/our-professionals/gomez-gaton-federico-antonio,,,,,"Post degree in Ophthalmology, National Institute of Diabetes Endocrinology and Nutrition, Inden. (March 1992- April 1995) Doctor of Medicine, Universidad Iberoamericana, Unibe. (1988) BASIC ENGLISH COURSE Dominican-American Cultural Institute, (1982-1984) Inter University Meeting of Medical Students, Santo Domingo, DN (April 1985) Third Medical Symposium on Updated Topics of Medicine, Santo Domingo, DN (1988) Basic Trauma Life Support Course, Saint DGO. DN (1990) Advanced English, Unibe, (1992) First Course of Neuro-Ophthalmology, (June 1992) First Acromax Symposium, Advances in Glaucoma, (August 1992) Course of ophthalmological emergencies (September 1992) Fourth Update course in Ophthalmology , UNIBE, Stravismo Nistagmos, (1993) Lecturer at the annual meeting of the Dominican Society of Ophthalmology, (May 1993) First Symposium, Acromax, Advances in Falls, (February 1995) Sixth Heart Update In Ophthalmology, Unibe, (February 1995) Annual Meeting of the Dominican Society of Ophthalmology, (1995) English Advanced ELS Language Center, Boston Massachusetts, (August 1995) 65 VO Meeting of The New England Ophthalmological Society, Boston Massachusetts, (October 1995) Annual Meeting Dominican Society of Ophthalmology , (1996) Seventh course Update in Ophthalmology, Unibe, (February 1996)","Dominican Medical College (Active Member) Dominican Society of Ophthalmology (Active Member) Dominican Society of Diabetes Latin American Association of Diabetes, ALAD",,,https://hospiten.com/Portals/0/Images/Professionals/fede.jpg?ver=MocydGlE_ZiuMdKi0oHuRQ%3d%3d,
51,,Gómez Infante Luis J.,Orthopedic Surgery and Trauma,,dr,Santo Domingo,False,Hospiten holy sunday,,,https://hospiten.com/en/our-professionals/gomez-infante-luis-j,,,,,,,,,https://hospiten.com/DesktopModules/Hospiten/Images/default-professional-image.png,
52,,War frames,Gastroenterology,,dr,Santo Domingo,False,Hospiten holy sunday,,,https://hospiten.com/en/our-professionals/guerra-marcos,,,,,,,,,https://hospiten.com/Portals/0/Images/Professionals/dr._guerra.jpg?ver=UmSdnK8WQbz0iIBp9OYUtg%3d%3d,
53,,Guerrero Miguel.,Cardiovascular and Thoracic Surgery,,dr,Santo Domingo,False,Hospiten holy sunday,,,https://hospiten.com/en/our-professionals/guerrero-miguel,,,,,"· 1972-1981: -Doken in Medicine Autonomous University of Santo Domingo (UASD) · 1980-1981: -Thisses of grade? Lung cancer? Analytical study Hospital Dr. Salvador B. Gautier · 1984: -Educational Center. New York. E. U. A.-Educational Commission for Foreing Medical Graduates (ECFMG). Approved in July 1985. 368-310-9 · 1986-1990: - Residence of General Surgery and Head of Residents, elected by the Faculty of Teachers of the Hospital Luis E. Aybar. · 1990-1992: -Sub-Specialty Oncological Surgery . Institute of Oncology Dr. Heriberto Pieter, Santo Domingo, Rep. Dom. · 1994-1997: -Sub-specialty Cardiovascular and Toráxic Surgery.Hospital San Joaquin, Pulmonary Clinica; Professor Edgar San Juan. -Centro of infantile cardiac surgery. Professor Glancio Furlaneto; Sao Paulo, Brazil. · January 23, 2000: - Program congenital surgery; Ohio University · January 28, 2000: -Shemodynamic 2000; United hearts · February 18, 2000: - Cardiology; Illinois Medical Center. · September 22, 2000: - Peripheral Vascular Disease. · September 30, 2000: -Factors Cardiovascular Risk · December 2000: -Who José José Joubert. Society Pneumology and Torax Surgery. · February 2001: -3er. Hemodynamic course, United Hearts. · March 2001: -Avance cardiovascular medicine; Cedars Hospital, Big Beach. · May 2001: -1er. Meeting graduates oncology Institute; Heriberto Pieter Hospital. · January 2002: -4th. Course Interventionism, United Hearts. · February 2002: -1ER. Congress cardiovascular surgery; Santiago. · July 6, 2002: -Colloza 1st. Endovascular Prostheses Aneurysm Aorta Abdominal, D. Pérez B. · February 2003: -5th. Hemodynamic course; United hearts · May 2003: -Visita to cardiovascular unit, Catholic Medical Center; New Hampshire · September 2003: -Operative congenital cardiovascular surgery heart; Jackson Memorial, United Hearts. · July 2004: - International Congress Surgery",Medical School Dominican Dominican Stolenics of Surgeons Dominican Society of Cardiology.,,,https://hospiten.com/DesktopModules/Hospiten/Images/default-professional-image.png,
54,,Warrior Heredia Hector,Psychiatry,,dr,Santo Domingo,False,Hospiten holy sunday,,,https://hospiten.com/en/our-professionals/guerrero-heredia-hector,,,,,,,,,https://hospiten.com/DesktopModules/Hospiten/Images/default-professional-image.png,
55,,Henríquez Rosa.,Anesthesia and Recovery,,dr,Santo Domingo,False,Hospiten holy sunday,,,https://hospiten.com/en/our-professionals/henriquez-rosa,,,,,,,,,https://hospiten.com/Portals/0/Images/Professionals/rosa.jpg?ver=Z_wGc-9z6oFKb5Te4qwvmA%3d%3d,
56,,Henríquez Lizardo Candida,Cardiology,,dr,Santo Domingo,False,Hospiten holy sunday,,,https://hospiten.com/en/our-professionals/henriquez-lizardo-candida,,,,,"Postgraduate Postgraduate Hospital Salvador B. Gautieridss 2001-2003 CardioVascular System of Cardiology Institute Ignacio Chávezméxico, D.F. 2000-2001CardiRegresada Del Salvador Hospital B. Gautieridss 1997-2000 Interegressing of the Hospital Salvador B. Gautieridss 1995-1997PasanthiaDan Francisco de Macorís 1994-1995Doctor in Medicine of the Catholic University Nordestona",Dominican Society of CardiologySociety of Indeques and Schools of the Cardiology Institute Ignacio ChávezSociety of Cardiology Graduates of the Dominican Institute of Social InsuranceViceFoodPresident of the Dominican Society of Critic Medicine and Care Intensive Dominican Medical Stolelement,,,https://hospiten.com/Portals/0/Images/Professionals/candy.jpg?ver=Nyc8nUflYEnrT0iIsVjxbQ%3d%3d,
57,,Hilario Ellen.,Nephrology,,dr,Santo Domingo,False,Hospiten holy sunday,,,https://hospiten.com/en/our-professionals/hilario-ellen,,,,,,,,,https://hospiten.com/DesktopModules/Hospiten/Images/default-professional-image.png,
58,,Infante Rodríguez Josè.,Gynecology and Obstetrics,,dr,Santo Domingo,False,Hospiten holy sunday,,,https://hospiten.com/en/our-professionals/infante-rodriguez-jose,,,,,"2007 Theoretical Course History Hysteroscopy Level I 2006 Theoretical Course Practical Laparoscopic Surgery in Gynecology 1996 Colposcopy, Crio Surgery and Diatermal ASA 1996.uce. Medical specialist in gynecology and obstetrics 1992 UASD. Doctor in medicine",Member Society Dominican Obstetrics and Gynecology Directive Member Dominican Society of Pathology of the Lower Genital Tract and Colposcopy (Treasurer),,,https://hospiten.com/Portals/0/Images/Professionals/infan.jpg?ver=CWtruYVix_wmf98xw6jm7g%3d%3d,
59,,Javier Alvarado Austria.,Anesthesia and Recovery,,dr,Santo Domingo,False,Hospiten holy sunday,,,https://hospiten.com/en/our-professionals/javier-alvarado-austria,,,,,,,,,https://hospiten.com/DesktopModules/Hospiten/Images/default-professional-image.png,
60,,Jimènez S. Guillermo E.,Neurology,,dr,Santo Domingo,False,Hospiten holy sunday,,,https://hospiten.com/en/our-professionals/jimenez-s-guillermo-e,,,,,"1990 - 1995 Postgraduate in Neurology Saxony Hospital for Neurology and Psychiatry Arnsdorf / Bei Dresden, Germany. Medicine Academy of the Technological University of Dresden, Germany 1980- 1987 Doctor of Medicine Autonomous University of Santo Domingo (UASD) 2007 Training at Doppler Transcranial Hospital Brothers Amejeiras, Havana, Cuba.",2017-current president of the Dominican Association Graduates of Germany (ADEA) 2013 President Dominican Society of Neurology and Neurosurgery (SDNN),,,https://hospiten.com/Portals/0/Images/Professionals/guillermo.jpg?ver=yUDd3BihV4LzT_qARNGmDw%3d%3d,
61,,Jiménez Sánchez Julio César,Cardiovascular and Thoracic Surgery,,dr,Santo Domingo,False,Hospiten holy sunday,,,https://hospiten.com/en/our-professionals/jimenez-sanchez-julio-cesar,,,,,Dr. In Medicine Autonomous University of Santo Domingo (2005) General Surgery Central Hospital F.F.A.A. (2010) Tórax Surgery Military Hospital Carlos Arvelo. Caracas Venezuela (2012),Dominican society of pneumology and thorax surgery. (Member of Directive 2017-2019). European Society of Thoracic Surgeons (ETS). Venezuelan society of pneumology and thorax surgery (Sovetorax). Dominica Medical College (cmd). Dominican Surgeon School. Member of the Trauma Chapter and Thoracic Surgery of the Dominican Surgeons School. Member of the Pan American Trauma Society. Member of the Latin American Torax Society. (Alat),,,https://hospiten.com/Portals/0/Images/Professionals/jul.jpg?ver=gNbCPaWCo04ZOvUj5RV_vQ%3d%3d,
62,,López Norka.,Gynecology and Obstetrics,,dr,Santo Domingo,False,Hospiten holy sunday,,,https://hospiten.com/en/our-professionals/lopez-norka,,,,,,,,,https://hospiten.com/DesktopModules/Hospiten/Images/default-professional-image.png,
63,,López María.,Pediatrics,,dr,Santo Domingo,False,Hospiten holy sunday,,,https://hospiten.com/en/our-professionals/lopez-maria,,,,,,,,,https://hospiten.com/Portals/0/Images/Professionals/maria.jpg?ver=o__0PY6sw3U7ncKRXbo7Iw%3d%3d,
64,,López Ubiea Ana Leticia,Pediatric Cardiology,,dr,Santo Domingo,False,Hospiten holy sunday,,,https://hospiten.com/en/our-professionals/lopez-ubiera-ana-leticia,,,,,,,,,https://hospiten.com/Portals/0/Images/Professionals/ana.jpg?ver=t3GSzzJ83kk_xdB5fikAIw%3d%3d,
65,,Martínez Carlos.,Gynecology and Obstetrics,,dr,Santo Domingo,False,Hospiten holy sunday,,,https://hospiten.com/en/our-professionals/martinez-carlos,,,,,,,,,https://hospiten.com/DesktopModules/Hospiten/Images/default-professional-image.png,
66,,Martínez Carlos.,Internal Medicine,,dr,Santo Domingo,False,Hospiten holy sunday,,,https://hospiten.com/en/our-professionals/martinez-carlos,,,,,,,,,https://hospiten.com/DesktopModules/Hospiten/Images/default-professional-image.png,
67,,Martínez Josè Joaquín.,Cardiology,,dr,Santo Domingo,False,Hospiten holy sunday,,,https://hospiten.com/en/our-professionals/martinez-jose-joaquin,,,,,,,,,https://hospiten.com/DesktopModules/Hospiten/Images/default-professional-image.png,
68,,Martínez Alonzo Belkys.,Gynecology and Obstetrics,,dr,Santo Domingo,False,Hospiten holy sunday,,,https://hospiten.com/en/our-professionals/martinez-alonzo-belkys,,,,,,,,,https://hospiten.com/Portals/0/Images/Professionals/belkis.jpg?ver=ZA58P5T282HFqufyTRih1w%3d%3d,
69,,Matthew Mark,Orthopedic Surgery and Trauma,,dr,Santo Domingo,False,Hospiten holy sunday,,,https://hospiten.com/en/our-professionals/mateo-marcos,,,,,,,,,https://hospiten.com/Portals/0/Images/Professionals/marcos.jpg?ver=UtdSgHBLgXYIbs1tLldWdA%3d%3d,
70,,Matos Park Carolina.,Neurology,,dr,Santo Domingo,False,Hospiten holy sunday,,,https://hospiten.com/en/our-professionals/matos-pumarol-carolina,,,,,"Specialty Hospital 21st Century and Children's Hospital Dr. Federico Gomesméxico, D. f.especially in NeurologyHospital Salvador Gauier (IDSS) DRA. in MedicineAniversidad Iberoamericana (Unibe) 1990",Dominican Society of Neurology,,,https://hospiten.com/Portals/0/Images/Professionals/matos.jpg?ver=C7zvxyRzQGfPHSeSts1rhA%3d%3d,
71,,Mejía Miguelina.,Dermatology and Venereology,,dr,Santo Domingo,False,Hospiten holy sunday,,,https://hospiten.com/en/our-professionals/mejia-miguelina,,,,,,,,,https://hospiten.com/DesktopModules/Hospiten/Images/default-professional-image.png,
72,,Melse Thomas,Gynecology and Obstetrics,,dr,Santo Domingo,False,Hospiten holy sunday,,,https://hospiten.com/en/our-professionals/melgen-thomas,,,,,,,,,https://hospiten.com/Portals/0/Images/Professionals/thomas.jpg?ver=ZEMcQCgj9_rrm5qRYLfO-Q%3d%3d,
73,,Miniño Luis.,Urology,,dr,Santo Domingo,False,Hospiten holy sunday,,,https://hospiten.com/en/our-professionals/minino-luis,,,,,,,,,https://hospiten.com/DesktopModules/Hospiten/Images/default-professional-image.png,
74,,Morales Rivera Les Karen,Gynecology and Obstetrics,,dr,Santo Domingo,False,Hospiten holy sunday,,,https://hospiten.com/en/our-professionals/morales-rivera-lies-karen,,,,,"Postgraduateness by male factor, National Institute of Perinatology, Mexico 1999Sterility by Female Factor, National Institute of Perinatology, Mexico 1999Specialty ErectionCology and Obstetrics, Hospital Ramón de Lara, FAD 1996 -199995Do-Ramón de Lara, FAD 1994 -1995Doctor in Medicine of the Central University from the east",,,,https://hospiten.com/DesktopModules/Hospiten/Images/default-professional-image.png,
75,,Moya Mena Krismely.,Pediatrics,,dr,Santo Domingo,False,Hospiten holy sunday,,,https://hospiten.com/en/our-professionals/moya-mena-krismely,,,,,,,,,https://hospiten.com/DesktopModules/Hospiten/Images/default-professional-image.png,
76,,Núñez Díaz Carlos,Pediatrics,,dr,Santo Domingo,False,Hospiten holy sunday,,,https://hospiten.com/en/our-professionals/nunez-diaz-carlos,,,,,,,,,https://hospiten.com/DesktopModules/Hospiten/Images/default-professional-image.png,
77,,Páez Campoy David Felix,Pediatric Surgery,,dr,Santo Domingo,False,Hospiten holy sunday,,,https://hospiten.com/en/our-professionals/paez-campoy-david-felix,,,,,"Doctor of Medicine, School of Medicine of the University of Havana, Cuba.especialist of 1st and 2nd grade in Pediatric Surgery WILLIAM SOLER Hospital. Havana, Cuba.Goods and Postgraduate: Neonatal Surgery, WILLIAM SOLER HOSPITAL, HABANA, SALIVALLY GLANDLESSDIAGNOSTIC AND TREATMENT OF HEPATITIS B IN CHILDREN AND ADULTS.TALLER OF HIPERTENSION, INSTITUTE OF NEFROLOGY, HABANA, CUBA.AVANTS IN THE Treatment of the peptic ulcer. Laparoscopic surgery",,,,https://hospiten.com/Portals/0/Images/Professionals/paez.png?ver=nETPj3KL4WIlsYP0Z_ZqXQ%3d%3d,
78,,Papaterra José,Neurosurgery,,dr,Santo Domingo,False,Hospiten holy sunday,,,https://hospiten.com/en/our-professionals/papaterra-jose,,,,,,,,,https://hospiten.com/DesktopModules/Hospiten/Images/default-professional-image.png,
79,,Pappaterra stephanie,Ophthalmology,,dr,Santo Domingo,False,Hospiten holy sunday,,,https://hospiten.com/en/our-professionals/pappaterra-stephanie,,,,,,,,,https://hospiten.com/Portals/0/Images/Professionals/stephany.jpg?ver=1EShXckgajZFeOS_qmcK9Q%3d%3d,
80,,Peña Wanda.,Cardiology,,dr,Santo Domingo,False,Hospiten holy sunday,,,https://hospiten.com/en/our-professionals/pena-wanda,,,,,"Graduated from the School of Medicine of the CiBao University of Cibao Graduate of the School of Cardiology of the Savior Hospital B. Gautier Training Echocardiography at Hospital Ignacio Chávez. Mexico at Echocardiography Stress in San Carlos Hospital in Madrid. ESPA ESPAULTUNE EARROMATE CORONARY CLEVELAND CLINIC, OHIO",Member of the Dominican Society of CardiologyFellow of the American College of Cardiology. (FACC) Member of the American Heart AssociationMember of the Association of Cardiology Accommodates of IDSSMEEBRO,,,https://hospiten.com/Portals/0/Images/Professionals/w.jpg?ver=fdGfb2UoHOQwO_A9RJt4IA%3d%3d,
81,,Cepin Wladimir.,Neurosurgery,,dr,Santo Domingo,False,Hospiten holy sunday,,,https://hospiten.com/en/our-professionals/pepin-wladimir,,,,,Doctor in Autonomous Medicine of Santo Domingo1975-1983PsychologyUniversityAniversity of Saint Saint Domingo1983-1986Eurgery Healthcare La PazMadrid Spain 1987-1992,Dominican Society of Neurology and Neurosurgery,,,https://hospiten.com/Portals/0/Images/Professionals/pepin.jpg?ver=fxziyjg6nN03BvAltZAPFA%3d%3d,
82,,Peralta Ortega Erick,Pneumology,,dr,Santo Domingo,False,Hospiten holy sunday,,,https://hospiten.com/en/our-professionals/peralta-ortega-erick,,,,,"• Doctor of Medicine: Autonomous University of Santo Domingo (UASD) (1973-1982) • Specialist in Pneumology: Hospital de la Sant Creu I Sant Pau, Barcelona, ​​Spain (1984-1987) • Sub-specialty in BronchiBrospish: Hospital de la Sant Creu I Sant Pau, Barcelona, ​​Spain (February 1986-February 1987) • Post-degree in Modern Health Management: Autonomous University of Santo Domingo (UASD) (2000-2001) (Magna Cum Laude)",,,,https://hospiten.com/Portals/0/Images/Professionals/er.jpg?ver=ig_CUk0NIxKBhcOiQE_qTw%3d%3d,
83,,Pèrez Baquero Ramón Alberto,Cardiovascular and Thoracic Surgery,,dr,Santo Domingo,False,Hospiten holy sunday,,,https://hospiten.com/en/our-professionals/perez-baquero-ramon-alberto,,,,,"Master's Degree in Medicine, General Surgery Sector Federal Vascular Surgery University of Rio de Janeiro, Brazil1998-2000Sidencia in General Hospital Surgery of the Armed Forces, STO. DGO.Republic Dominican 1991-1994Residencia in General SurgeryHospital Naval Marcilio Díazr.j. Brazil 1994-1996Postgrad in Vascular Surgery Hospitality Clementino Fraga Filhora of Janeiro, Brazil 1996-1998Doctor in Technological Medicine of Santiago (UTESA) STO. DGO. Dominican Republic 1990","Brazilian Society of Angiology and Vascular Surgery of Janeiro, Brazil. Since 1996.",,,https://hospiten.com/Portals/0/Images/Professionals/perez-v.jpg?ver=BJyVK5tRG_DfxjXfVYfr6g%3d%3d,
84,,Peicchi maximum Eusebio,Orthopedic Surgery and Trauma,,dr,Santo Domingo,False,Hospiten holy sunday,,,https://hospiten.com/en/our-professionals/pericchi-eusebio-maximo,,,,,,,,,https://hospiten.com/DesktopModules/Hospiten/Images/default-professional-image.png,
85,,Little Alfonso,Urology,,dr,Santo Domingo,False,Hospiten holy sunday,,,https://hospiten.com/en/our-professionals/petit-alfonso,,,,,,,,,https://hospiten.com/Portals/0/Images/Professionals/petit.jpg?ver=8DT_kv7UYOWkb9Df_KEgRw%3d%3d,
86,,Pimentel Eric,Gastroenterology,,dr,Santo Domingo,False,Hospiten holy sunday,,,https://hospiten.com/en/our-professionals/pimentel-eric,,,,,,,,,https://hospiten.com/Portals/0/Images/Professionals/eric.jpg?ver=ONH4TvV_rDaWmHozseTFMw%3d%3d,
87,,Pol Pamela,Otorhynolaryngology (ENT),,dr,Santo Domingo,False,Hospiten holy sunday,,,https://hospiten.com/en/our-professionals/pol-pamela,,,,,,,,,https://hospiten.com/Portals/0/Images/Professionals/pam.jpg?ver=hgV56tDlAQDpW3sAMUTMLA%3d%3d,
88,,Polanco Yaneris Cesarina,Pediatrics,,dr,Santo Domingo,False,Hospiten holy sunday,,,https://hospiten.com/en/our-professionals/polanco-yaneris-cesarina,,,,,,,,,https://hospiten.com/DesktopModules/Hospiten/Images/default-professional-image.png,
89,,Ramos Ginna,"Plastic, Reconstructive and Esthetic Surgery",,dr,Santo Domingo,False,Hospiten holy sunday,,,https://hospiten.com/en/our-professionals/ramos-ginna,,,,,,,,,https://hospiten.com/DesktopModules/Hospiten/Images/default-professional-image.png,
90,,Given Castellanos Carlos José,Gynecology and Obstetrics,,dr,Santo Domingo,False,Hospiten holy sunday,,,https://hospiten.com/en/our-professionals/regalado-castellanos-carlos-jose,,,,,,,,,https://hospiten.com/DesktopModules/Hospiten/Images/default-professional-image.png,
91,,Reyes Cruz M.,Pneumology,,dr,Santo Domingo,False,Hospiten holy sunday,,,https://hospiten.com/en/our-professionals/reyes-cruz-m,,,,,,,,,https://hospiten.com/Portals/0/Images/Professionals/cruz.jpg?ver=cus9iN3Jj1HbY7q1EQYRSg%3d%3d,
92,,Reyes Decena María Zenia,Cardiology,,dr,Santo Domingo,False,Hospiten holy sunday,,,https://hospiten.com/en/our-professionals/reyes-decena-maria-zenia,,,,,,,,,https://hospiten.com/Portals/0/Images/Professionals/reyes.jpg?ver=_R39SpKnxyYTeN74tBp1yw%3d%3d,
93,,Reynoso alpha,Gynecology and Obstetrics,,dr,Santo Domingo,False,Hospiten holy sunday,,,https://hospiten.com/en/our-professionals/reynoso-alfa,,,,,,,,,https://hospiten.com/Portals/0/Images/Professionals/alfa.jpg?ver=zds1-9B2R9Us8rR1xBrWjg%3d%3d,
94,,RoA wascar,Cardiovascular and Thoracic Surgery,,dr,Santo Domingo,False,Hospiten holy sunday,,,https://hospiten.com/en/our-professionals/roa-wascar,,,,,,,,,https://hospiten.com/Portals/0/Images/Professionals/wascar.jpg?ver=F0jKI8zIHRK9F0clkCYqoQ%3d%3d,
95,,Roa Sánchez Pedro A.,Neurology,,dr,Santo Domingo,False,Hospiten holy sunday,,,https://hospiten.com/en/our-professionals/roa-sanchez-pedro-a,,,,,,,,,https://hospiten.com/DesktopModules/Hospiten/Images/default-professional-image.png,
96,,Rodríguez Andrès Josè,Anesthesia and Recovery,,dr,Santo Domingo,False,Hospiten holy sunday,,,https://hospiten.com/en/our-professionals/rodriguez-andres-jose,,,,,Residence-training in anesthesiology and resuscitation Hospital Salvador B. Gauiesto. DGO. REP. DOMACANA1987-1990Doctor in National Medicine Pedro Henríquez Ureña Unophusto. DGO. Rep. Dominicana1975-1984.,,,,https://hospiten.com/Portals/0/Images/Professionals/anes.png?ver=fALCkspeAy_RxAGm70p5Cw%3d%3d,
97,,Rodríguez Bautista Edral Joel,Internal Medicine,,dr,Santo Domingo,False,Hospiten holy sunday,,,https://hospiten.com/en/our-professionals/rodriguez-bautista-edral-joel,,,,,,,,,https://hospiten.com/Portals/0/Images/Professionals/edr.jpg?ver=EIhiYe-SUsWpwtYXLkW8CA%3d%3d,
98,,Rosario Francis.,Gynecology and Obstetrics,,dr,Santo Domingo,False,Hospiten holy sunday,,,https://hospiten.com/en/our-professionals/rosario-francis,,,,,,,,,https://hospiten.com/DesktopModules/Hospiten/Images/default-professional-image.png,
99,,Salcedo Ariel Andrés.,Gynecology and Obstetrics,,dr,Santo Domingo,False,Hospiten holy sunday,,,https://hospiten.com/en/our-professionals/salcedo-ariel-andres,,,,,,,,,https://hospiten.com/DesktopModules/Hospiten/Images/default-professional-image.png,
100,,Salcedo Siri Rafael Antonio,Oral and Maxillofacial Surgery,,dr,Santo Domingo,False,Hospiten holy sunday,,,https://hospiten.com/en/our-professionals/salcedo-siri-rafael-antonio,,,,,,,,,https://hospiten.com/DesktopModules/Hospiten/Images/default-professional-image.png,
101,,Santana Katiuska,Otorhynolaryngology (ENT),,dr,Santo Domingo,False,Hospiten holy sunday,,,https://hospiten.com/en/our-professionals/santana-katiuska,,,,,Graduated Cum Laude de Dra. In Medicine of the Autonomous University of Santo Domingo in 2001Postgrad in Otolaryngology and Head and Neck Surgery at Savior Hospital B. Gautier Sualado by the UASD 2004-2009,,,,https://hospiten.com/Portals/0/Images/Professionals/dra-santana-katiuska.jpg?ver=5uie1SJ1DmYa-9CIV9FxFA%3d%3d,
102,,Serra Víctor Adolfo,Orthopedic Surgery and Trauma,,dr,Santo Domingo,False,Hospiten holy sunday,,,https://hospiten.com/en/our-professionals/serra-victor-adolfo,,,,,,,,,https://hospiten.com/DesktopModules/Hospiten/Images/default-professional-image.png,
103,,Soriano David,Urology,,dr,Santo Domingo,False,Hospiten holy sunday,,,https://hospiten.com/en/our-professionals/soriano-david,,,,,,,,,https://hospiten.com/DesktopModules/Hospiten/Images/default-professional-image.png,
104,,Sotney Sotney.,Gynecology and Obstetrics,,dr,Santo Domingo,False,Hospiten holy sunday,,,https://hospiten.com/en/our-professionals/soto-sidney,,,,,,,,,https://hospiten.com/DesktopModules/Hospiten/Images/default-professional-image.png,
105,,Soto Alejandro.,General and Gastrointestinal Tract Surgery,,dr,Santo Domingo,False,Hospiten holy sunday,,,https://hospiten.com/en/our-professionals/soto-alejandro,,,,,,,,,https://hospiten.com/DesktopModules/Hospiten/Images/default-professional-image.png,
106,,Stanley R. Juan R.,"Plastic, Reconstructive and Esthetic Surgery",,dr,Santo Domingo,False,Hospiten holy sunday,,,https://hospiten.com/en/our-professionals/stanley-r-juan-r,,,,,,,,,https://hospiten.com/DesktopModules/Hospiten/Images/default-professional-image.png,
107,,Suazo de la Cruz Luis Eduardo,Neurosurgery,,dr,Santo Domingo,False,Hospiten holy sunday,,,https://hospiten.com/en/our-professionals/suazo-de-la-cruz-luis-eduardo,,,,,,,,,https://hospiten.com/DesktopModules/Hospiten/Images/default-professional-image.png,
108,,Sucar Robert Joel,Neurosurgery,,dr,Santo Domingo,False,Hospiten holy sunday,,,https://hospiten.com/en/our-professionals/sucar-robert-joel,,,,,,,,,https://hospiten.com/DesktopModules/Hospiten/Images/default-professional-image.png,
109,,Tejada Josefina.,General and Gastrointestinal Tract Surgery,,dr,Santo Domingo,False,Hospiten holy sunday,,,https://hospiten.com/en/our-professionals/tejada-josefina,,,,,"1995- 1999 Postgraduate in General Surgery Centro Medico Central University of East (UCE) Santo Domingo, Dominican Republic. 1993- 1994 Specialty in General Surgery Hospital of the City of Dresden-Neestadt, Germany 1984- 1991 Doctor of Medicine General Autonomous University of Santo Domingo (UASD)",,,,https://hospiten.com/Portals/0/Images/Professionals/teja.jpg?ver=oH0wYcUltnT8tDLRaEF1Nw%3d%3d,
110,,Tejada Pérez Edwin.,Orthopedic Surgery and Trauma,,dr,Santo Domingo,False,Hospiten holy sunday,,,https://hospiten.com/en/our-professionals/tejada-perez-edwin,,,,,,,,,https://hospiten.com/DesktopModules/Hospiten/Images/default-professional-image.png,
111,,Thomas Pellerano Claudia.,Ophthalmology,,dr,Santo Domingo,False,Hospiten holy sunday,,,https://hospiten.com/en/our-professionals/thomas-pellerano-claudia,,,,,"Medical Surgeon Ophthalmologist Sub Specialty Master of Pediatric and Strabismograded Ophthalmology with High Honors and Graduate of the Program endorsed by the Unophu de Ophthalmology, of the Ophtalmological Hospital Dr. Elías Santana and the Intec with rotation in Ophtalmopediatría at the Bascom Palmer Eye Institute of Miami , USA, certifications endorsed by the Mescyt.","Member of the Dominican Society of Ophthalmology for 18 years ago active of the BIRT, PAAO, Aapos and CodesopDelegate by the Dominican Republic against the Latin American Strabismo Council - Clade",,,https://hospiten.com/Portals/0/Images/Professionals/claudia.jpg?ver=rXC8aiomaXmjDUiiF9xMgA%3d%3d,
112,,Toribio Acosta Janet.,Pediatric Cardiology,,dr,Santo Domingo,False,Hospiten holy sunday,,,https://hospiten.com/en/our-professionals/toribio-acosta-janet,,,,,,,,,https://hospiten.com/DesktopModules/Hospiten/Images/default-professional-image.png,
113,,Urbáz Jaqueline,Endocrinology,,dr,Santo Domingo,False,Hospiten holy sunday,,,https://hospiten.com/en/our-professionals/urbaez-jaqueline,,,,,Medical General Universidad Ibero-American October 1992 Internal Medicine - Endocrinology Fundación Jimenez Diaz España Internist Residence Medicine Hospital Father Billini 1994-1996Medocrinology Nutritionist Hospital Salvador B. Gautier 1996-1998,Member of the American Society of EndocrinologyMember of the Dominican Society of EndocrinologyMire of Diabetes Club of Santo Domingo,,,https://hospiten.com/DesktopModules/Hospiten/Images/default-professional-image.png,
114,,Ureña Vargas Amilcar.,Urology,,dr,Santo Domingo,False,Hospiten holy sunday,,,https://hospiten.com/en/our-professionals/urena-vargas-amilcar,,,,,Graduate of Medicine at the Autonomous University of Santo DomingoESpecialty in Emergency Medicine in Puerto Rico,,,,https://hospiten.com/DesktopModules/Hospiten/Images/default-professional-image.png,
115,,Vásquez Pedro Josè.,Clinical Psychology,,dr,Santo Domingo,False,Hospiten holy sunday,,,https://hospiten.com/en/our-professionals/vasquez-pedro-jose,,,,,Lic. In Clinical Psychology 1994-2000Specialty in Psychology of Obesity and Eating Disorders 2000MaStry in Family and Couple Therapy 2000-2004Specialty in Co-Occurring Disorders (Addictions) 2007-2008,President of the Dominican Association of Bariatric PsychologistsColegence of Dominican Psychologists,,,https://hospiten.com/DesktopModules/Hospiten/Images/default-professional-image.png,
116,,Vásque Colón Ricardo A.,Internal Medicine,,dr,Santo Domingo,False,Hospiten holy sunday,,,https://hospiten.com/en/our-professionals/vasquez-colon-ricardo-a,,,,,,,,,https://hospiten.com/DesktopModules/Hospiten/Images/default-professional-image.png,
117,,Ventura Brito Roelka,Psychiatry,,dr,Santo Domingo,False,Hospiten holy sunday,,,https://hospiten.com/en/our-professionals/ventura-brito-roelka,,,,,,,,,https://hospiten.com/Portals/0/Images/Professionals/roelka.jpg?ver=tpMNlQt5x3lb_4YYp7fhdg%3d%3d,
118,,Ventura Herrera Ricardo.,"Plastic, Reconstructive and Esthetic Surgery",,dr,Santo Domingo,False,Hospiten holy sunday,,,https://hospiten.com/en/our-professionals/ventura-herrera-ricardo,,,,,,,,,https://hospiten.com/DesktopModules/Hospiten/Images/default-professional-image.png,
119,,WERR FARIS,Orthopedic Surgery and Trauma,,dr,Santo Domingo,False,Hospiten holy sunday,,,https://hospiten.com/en/our-professionals/werr-faris,,,,,"Primary and Secondary Education: -Franklin Delano Roosevelt School, Lima, Peru-School of American do Recife, Recife, Brazil-Carol Morgan School Dn Santo Domingo, Republic Dominican University Education: Technological Institute of Santo Domingo (Intec) DN Santo Domingo, Dominican Republic : Central Hospital of the Armed Forces and National Police, Residence of Traumatology and Orthopedics, DN Santo Domingo, Dominican Republic","Dominican Medical College (cmd) Dominican Society of Orthopedics and Traumatology (SDOT) Arthroscopy Chapter of the Dominican Society of Orthopedics and TraumatologicalAmerican Academy of Orthopaedic Surgeons International Affiliate (AAOS) Çinternational Society of Arthroscopy, Knee Surgery and Orthopaedic Sports Medicine (Isakos)",,,https://hospiten.com/Portals/0/Images/Professionals/mg-8917.jpg?ver=hal4-luaaRD5owI6jTZUHw%3d%3d,
120,,Yermenos Cristina.,Ophthalmology,,dr,Santo Domingo,False,Hospiten holy sunday,,,https://hospiten.com/en/our-professionals/yermenos-cristina,,,,,"- Bachelor: Santa Clara College 1973- PhD: Technological Institute of Santo Domingo 1978- Training-residence: Salvador Hospital B. Gautier1981 1984- Fellowship: Bascom Palmer Eye Institute, Salvador B. Gautier 1984-1985 Glaucoma",,,,https://hospiten.com/Portals/0/Images/Professionals/dra.jpg?ver=bCaDOBNA87HylYWQREzdhA%3d%3d,
